DeviceModeId,DeviceTypeId,DeviceModeCode,DeviceModeName,Manufacturer,RatedPower,FactoryModeName
B961F8A6-909E-4526-BC94-01B03D99F0D7,43A89653-168B-46D9-B47D-0B6C773C3AF9,16,SGI 750XTM,动力协合,NULL,
D9E88966-A6CE-47B4-87F5-02DABA865F04,9E8DC174-A7AC-49E0-B94A-0B4CDC003CBF,11,TMY-80x8,南网电气,NULL,TMY-80x8
CA887847-AD36-43EE-A088-03B9FA2E9005,B2BAC1C7-CA76-4150-9274-1B82C55DA90F,5,LDK-235P-20,赛维LDK,NULL,LDK-235P-20
78A69727-4B09-4377-84E2-03DEA6246932,641917AE-A7B4-4CA6-8141-B50BC3DEA9D4,14,风电功率预测系统V1.0,国能日新,NULL,风电功率预测系统V1.0
B7581A3A-1A8F-48AF-9443-05F3533A3092,73F532E2-27D5-488C-A618-C84A164C5A6A,14,LW25A-126/T3150A 40kA,西安西电高压开关有限责任公司,NULL,LW25A-126/T3150A 40kA
496B5AB4-2F9A-4E28-BF3D-08C626B2AC14,9BF1D5DF-57F1-4903-B69C-A29329CF6BA3,17,THT-DKSC-800,保定天威恒通电气,NULL,THT-DKSC-800
A3EE7F22-59ED-4A9F-A1BD-08EBA86419DC,E084FF31-2F1B-4E8B-BFA1-9C82E7B5CE84,8,KYN61-40.5,江苏大全长江电器股份有限公司,NULL,KYN61-40.5
50F65F2A-CBB0-40DA-9155-0B147CFFED78,95E6DBCE-806D-4BE4-AC86-3CA2FBA5502C,14,S11-8000/38.5,鲁特电工股份有限公司,NULL,S11-8000/38.5
2B3EEF65-E1CC-4E1C-87DA-0BACD7B3BDAE,43A89653-168B-46D9-B47D-0B6C773C3AF9,18,M175-24-208-SO1/2,Enphase,NULL,
ED088185-A97E-4D8C-B562-0D080B5C0B49,458FB3C3-32BC-48FF-B910-C318C461E635,1,DHSPCB-16-1,成都东方日立,NULL,DHSPCB-16-1
ACC81704-7D92-47DB-AB3F-0D31286B8E5D,41042D23-F3AF-4DC1-AB23-A97950B6DD60,4,XE105-2000DLP,湘电,2000.0000,XE105-2000
2D2BF429-78E0-4DBF-BF47-0E29CF992F5A,EF6594F0-8DAF-40B5-93A3-144F12EE8E6C,14,SFZ11-50000/110GY,山东鲁能泰山电力设备有限公司,NULL,SFZ11-50000/110GY
F0737250-68D7-47BC-A098-108A9CA34B13,4E852BF7-FDAA-4D8C-A13C-4EFD09E4F9F3,9,DTSD666,浙江正泰仪器仪表有限公司,NULL,DTSD666
4C28F1D5-B8F8-4B21-A66A-11154D3DDD2D,73F532E2-27D5-488C-A618-C84A164C5A6A,10,ZR-YJV22-3x50-26/35kV,,NULL,ZR-YJV22-3x50-26/35kV
88487B59-A257-4EBE-B7E3-11BE974A71B1,41042D23-F3AF-4DC1-AB23-A97950B6DD60,23,EN-106/1.8,远景,1800.0000,EN-106/1.8
8819FAD6-D547-490A-9174-11FAC6E835BF,73F532E2-27D5-488C-A618-C84A164C5A6A,3,Huadeng_LW10B-252(H)/4000-50,河南平高电气股份有限公司,NULL,LW10B-252(H)/4000-50
D3B0D57B-5F09-45C6-B2BA-12FE0E0426CC,9BF1D5DF-57F1-4903-B69C-A29329CF6BA3,4,Huadeng_SC9/630/35,宁波明升变压器制造有限公司,NULL,SC9/630/35
694A82BE-CF26-43F7-B40E-13109A2D79B0,9E8DC174-A7AC-49E0-B94A-0B4CDC003CBF,14,BGFM-10KV/4000A-Z,江苏大全股份有限公司,NULL,BGFM-10KV/4000A-Z
18805D0D-50AC-4DF4-ADF9-147CBBC24510,B2BAC1C7-CA76-4150-9274-1B82C55DA90F,16,YL290P-35b,Yingli,NULL,
6D1E52B9-9B16-4821-BDD8-14B2132796EE,641917AE-A7B4-4CA6-8141-B50BC3DEA9D4,1,北京动力协合,北京动力协合,NULL,北京动力协合
25738817-9288-4865-99F8-14CAA822745A,458FB3C3-32BC-48FF-B910-C318C461E635,13,HBJB01-16/12,江苏宏宝电子,NULL,
8E47E85E-AB57-4C1F-B55B-15BBA9FA35A4,73F532E2-27D5-488C-A618-C84A164C5A6A,12,LW35-126,河南省平高电气股份有限公司,NULL,LW35-126
C3045872-86CD-41C1-86F0-15C9481BA25B,6F131376-CBD2-4CC0-9E0B-C27B9C55B348,2,SUN2000-40KTL,华为科技有限公司,NULL,SUN2000-40KTL
EFC54C5B-881D-4D7A-AB1A-1622A3C8BFF2,EF6594F0-8DAF-40B5-93A3-144F12EE8E6C,13,SFZ11－100000/110,西电济南变压器股份有限公司,NULL,SFZ11－100000/110
1810B8D6-2A4B-4879-9BCB-162BC69C8EC6,41042D23-F3AF-4DC1-AB23-A97950B6DD60,8,MY2.0se/110-85,明阳,2000.0000,MY2.0se/110-85
D4562EF8-EABA-48D9-9E14-169DFC531FF0,9BF1D5DF-57F1-4903-B69C-A29329CF6BA3,15,S11-250/37,济南济变志亨电力设备有限公司,NULL,S11-250/37
721E1A86-372F-43CC-BF7A-16A448AB6553,641917AE-A7B4-4CA6-8141-B50BC3DEA9D4,10,北京国能日新,北京国能日新,NULL,北京国能日新
732CA223-C420-43A5-B2B8-1709233596E1,EE1DCF6C-E060-466F-A5CF-72C4EDAC2B26,10,美国 NRG 40#型,,NULL,美国 NRG 40#型
CA28DF5E-33F2-4935-9CDA-174CF88C7640,FA7DC619-9F2C-43FB-9E2A-F7166660DDE0,3,PYQX-02,中国气象局风能太阳能资源中心,NULL,PYQX-02
EE6D99CF-BFB2-4AC3-801F-174EACAC11AD,43A89653-168B-46D9-B47D-0B6C773C3AF9,7,SC500-CP-10,Schneider Electric,NULL,
6A4AC1EA-8D02-4006-9C2A-1AD700C7DAF3,4E852BF7-FDAA-4D8C-A13C-4EFD09E4F9F3,5,DF-6205,东方威斯顿,NULL,DF-6205
CEE20E6D-2B86-440B-B579-1B27CCC16A53,7009BB03-B1A3-4EB7-A8C7-342C1F03DCA8,21,永仁协合升压站,山东鲁能泰山电力设备有限公司,NULL,永仁协合升压站
E94DD09E-0A0A-4FDA-AF8C-1B387C183932,95E6DBCE-806D-4BE4-AC86-3CA2FBA5502C,11,PCS-9583,常州博瑞电力自动化设备有限公司,NULL,PCS-9583
095A74B4-D169-4066-BA5B-1B5484B7755C,95E6DBCE-806D-4BE4-AC86-3CA2FBA5502C,18,QNSVG-10/10,"   思源清能电气电子公司",NULL,QNSVG-10/10
873FADD7-5FBF-4EDA-80A9-1BCA551ED135,EF6594F0-8DAF-40B5-93A3-144F12EE8E6C,11,SZ11-100000/110,正泰电气,NULL,SZ11-100000/110
385DF8DB-D670-42E0-A49C-1BE144951E56,FA7DC619-9F2C-43FB-9E2A-F7166660DDE0,8,SOLAR1000,曙光新航,NULL,SOLAR1000
DAEFD18D-AD85-4386-B9DB-1CA72F0FD68D,95E6DBCE-806D-4BE4-AC86-3CA2FBA5502C,13,DLSVG-2000/10,襄阳大力电网技术有限公司,NULL,DLSVG-2000/10
F6A88147-F8BB-426F-8F1D-1CAF8496B61D,9E8DC174-A7AC-49E0-B94A-0B4CDC003CBF,12,LGJ-650/55,长沙潇湘电缆附件有限公司,NULL,LGJ-650/55
293176AF-DCA3-4D40-A33E-1DB360C6696D,4E852BF7-FDAA-4D8C-A13C-4EFD09E4F9F3,19,DTZ747,北京煜邦电力技术股份有限公司,NULL,DTZ747
D0EEF704-ECF2-4D81-B31F-2009FF6EF3D0,C8B96B26-9DC8-4B91-8655-22FF6E02A593,31,箱变,动力协合,NULL,
E622314D-F198-40C3-9DA6-20109DDD850F,41042D23-F3AF-4DC1-AB23-A97950B6DD60,7,FD77-1500-IIIA,常牵,1500.0000,FD77-1500
C2017F07-835F-4403-9EA2-20B5700708C0,FA7DC619-9F2C-43FB-9E2A-F7166660DDE0,2,NRG,北京曙光,NULL,NRG
E4C3F422-60BE-49DB-A03A-2102FBABE6F3,6F131376-CBD2-4CC0-9E0B-C27B9C55B348,4,PVI 28TL (480V),Yaskawa –Solectria Solar,NULL,
9A19E1AE-6E70-40B3-9614-21CDCED1C489,E084FF31-2F1B-4E8B-BFA1-9C82E7B5CE84,24,XGN49-40.5(Z),宁波天安,NULL,
8C4EABB8-3413-4087-958E-244C2145D7A1,43A89653-168B-46D9-B47D-0B6C773C3AF9,9,PCS-9563,南京南瑞继保工程技术有限公司,NULL,PCS-9563
B1A7A2AB-B42E-4B3B-8D92-25C111BBB7C5,0C109926-7918-4B91-9FB1-2F71B28BACD0,2,GCSM-216（AGC）/TH-FQ（AVC）,北京四方继保自动化股份有限公司（AGC）/沈阳天河自动化工程有限公司（AVC）,NULL,GCSM-216（AGC）/TH-FQ（AVC）
A47A07AC-395E-4CCC-8E87-25C20928239A,95E6DBCE-806D-4BE4-AC86-3CA2FBA5502C,15,PCS9583-HSVG-GL-Y10-8-PG,鲁特电工股份有限公司,NULL,PCS9583-HSVG-GL-Y10-8-PG
CE5E046C-6EB8-4E2D-8047-25D462B2BB22,73F532E2-27D5-488C-A618-C84A164C5A6A,8,KYN61,西电宝鸡电气有限公司,NULL,KYN61
C244CDE1-FCD0-4D29-B584-26265DC341E8,95E6DBCE-806D-4BE4-AC86-3CA2FBA5502C,2,Huadeng_GSC-10/12-YA,北京四方继保自动化股份有限公司,NULL,GSC-10/12-YA
F5E9D759-80AC-4055-A59D-2706CCFF0B8D,73F532E2-27D5-488C-A618-C84A164C5A6A,17,ZN85-40.5,云南云开电气股份有限公司,NULL,ZN85-40.5
AE211605-F432-4297-9834-27EADB576D3A,EF6594F0-8DAF-40B5-93A3-144F12EE8E6C,5,SZ11-40000/100,山东省电力公司,NULL,SZ11-40000/100
1BFB5AF3-E7E9-4FFE-AFB2-29629EDE6159,95E6DBCE-806D-4BE4-AC86-3CA2FBA5502C,7,HRSVG-35/10-±6M,合容电器股份有限公司,NULL,HRSVG-35/10-±6M
EE5BA74C-641E-4912-AC64-2B3FA1FECBAA,4E852BF7-FDAA-4D8C-A13C-4EFD09E4F9F3,20,电能量采集终端FFC3-301391,兰吉尔仪表系统(珠海）有限公司,NULL,电能量采集终端FFC3-301391
2E076AC6-B4BE-4AA2-A77B-2BC5AD2C1412,41042D23-F3AF-4DC1-AB23-A97950B6DD60,13,S50-750,金风,750.0000,S50-750
C817AEA9-F289-4664-8678-2C0446AB4F3D,41042D23-F3AF-4DC1-AB23-A97950B6DD60,38,MY2.0-121,明阳,2000.0000,MY2.0-121
266F51B3-AC80-46FA-80CE-2C2680D43BCD,B273F5A4-FF7E-4D08-89C3-3D36D07140DB,2,MOS3000在线监测系统,安徽容知日新信息技术有限公司,NULL,MOS3000在线监测系统
9E853DF1-41A1-4147-954E-2C81295276E6,EF6594F0-8DAF-40B5-93A3-144F12EE8E6C,6,SFZ11-50000/110GYW,云南变压器电气股份有限公司,NULL,SFZ11-50000/110GYW
32712DFF-8D7D-4284-B200-2D0BAF4855FE,EE1DCF6C-E060-466F-A5CF-72C4EDAC2B26,3,东润环能_70,,NULL,东润环能_70
D6FC346D-47F2-42E6-ADD3-2ED770CEC47C,6F131376-CBD2-4CC0-9E0B-C27B9C55B348,3,SG40KTL,阳光电源,NULL,SG40KTL
9EAC7101-534F-4611-96B0-2F76BF2A11B2,B273F5A4-FF7E-4D08-89C3-3D36D07140DB,3,博风慧能风力发电机组振动监测及故障诊断系统V1.0,博风慧能,NULL,博风慧能风力发电机组振动监测及故障诊断系统V1.0
50FDA33C-5BD9-408E-A818-301C5E512284,73F532E2-27D5-488C-A618-C84A164C5A6A,6,KYN61-40.5,江苏大全长江电器股份有限公司,NULL,KYN61-40.5
1880A9DC-0DE9-45B9-9136-31A988D85C65,4E852BF7-FDAA-4D8C-A13C-4EFD09E4F9F3,6,DF6201C,烟台东方威思顿电气有限公司,NULL,DF6201C
26E2B880-D105-42A0-B1CC-3430610BD03F,EF6594F0-8DAF-40B5-93A3-144F12EE8E6C,10,SFZ11-100000/220,西电济南变压器股份有限公司,NULL,SFZ11-100000/220
CF058ABE-F3AB-4D00-89DE-350211CC27D5,45A400E0-2819-4076-ACE7-6DD8EA520C24,1,全场信息汇总,北京动力协合,NULL,
87674BE0-E404-4896-BD07-3686B39C1F4F,9E8DC174-A7AC-49E0-B94A-0B4CDC003CBF,1,LGJ-400/35,江苏大全长江电器股份有限公司,NULL,LGJ-400/35
CB036B25-54E5-4315-B75C-3740DA566E5D,7009BB03-B1A3-4EB7-A8C7-342C1F03DCA8,8,肥西新光风电场,中国风电集团,NULL,肥西新光风电场
F22975AA-F1E2-4CFE-9849-3749054BDD2D,43A89653-168B-46D9-B47D-0B6C773C3AF9,13,PVI 15KW,Solectria,NULL,
A662C5BC-AE28-4391-8639-3789FE0AA67E,43A89653-168B-46D9-B47D-0B6C773C3AF9,17,SB7000US,"SMA ",NULL,
A442319E-74AF-48CC-9D0B-379A835B8FFA,641917AE-A7B4-4CA6-8141-B50BC3DEA9D4,4,SPWF-3000,国能日新,NULL,SPWF-3000
50BF0FF6-58E2-445D-8FAF-386CA4AC4C75,E084FF31-2F1B-4E8B-BFA1-9C82E7B5CE84,17,ZN85-40.5/1250A-31.5kA,哈尔滨九洲电气股份有限公司,NULL,ZN85-40.5/1250A-31.5kA
C9476228-ECA5-4266-9954-38F5068A3258,41042D23-F3AF-4DC1-AB23-A97950B6DD60,1,FD82B-1500,东汽,1500.0000,FD82B-1500
35869E12-1E36-4802-A3AB-38FF4D4BA27C,41042D23-F3AF-4DC1-AB23-A97950B6DD60,19,GW115/2000,金风,2000.0000,GW115/2000
64C0C574-4F2E-4B91-9D47-3BA78A5626CA,9BF1D5DF-57F1-4903-B69C-A29329CF6BA3,18,DKSC 630 250/10,思源电气股份有限公司,NULL,DKSC 630 250/10
0EC8442D-B07D-4D62-B4D1-3BF5A3A9001F,4E852BF7-FDAA-4D8C-A13C-4EFD09E4F9F3,24,DTZ178 0.5级电能表,烟台东方威思顿电气股份有限公司,NULL,DTZ178 0.5级电能表
01BA62D1-E6F2-4397-8FBD-3BFD5B61C190,B2BAC1C7-CA76-4150-9274-1B82C55DA90F,2,SYP310S,东方日升新能源股份有限公司,NULL,SYP310S
C32E10E3-6AAC-4A10-9AA3-3CB40A17F0EC,41042D23-F3AF-4DC1-AB23-A97950B6DD60,37,GW115/2000-80,金风,2000.0000,GW115/2000
01E7F0E8-E196-4CC3-9DD7-3D50D657BF43,95E6DBCE-806D-4BE4-AC86-3CA2FBA5502C,8,S11-8000/35GY,申达电气集团有限公司,NULL,S11-8000/35GY
1732B7BB-7E71-40E4-9084-3E46A2ED8C25,0C109926-7918-4B91-9FB1-2F71B28BACD0,15,PRS-7910,长圆深瑞继保有限公司,NULL,PRS-7910
1A25B9DD-1367-4118-8F79-3E5420D25487,43A89653-168B-46D9-B47D-0B6C773C3AF9,4,NJE-N500KTL,国电南瑞吉电新能源,NULL,NJE-N500KTL
04EB109A-6DF0-4E5E-A40F-3EE46D63229F,7009BB03-B1A3-4EB7-A8C7-342C1F03DCA8,12,SD001(电子围栏系统),南召皇后,NULL,SD001(电子围栏系统)
A2937836-E607-4407-962E-3FA62CBF52CB,95E6DBCE-806D-4BE4-AC86-3CA2FBA5502C,20,ZN85A-40.5/T1250-31.5,西电宝鸡,NULL,
3C4F02AC-383C-4758-BB0A-3FE3E18D9EA4,0C109926-7918-4B91-9FB1-2F71B28BACD0,12,PCS-9721,南瑞继保,NULL,PCS-9721
868A2E78-4834-4A6C-9AC6-414FF3B5EC8A,B2BAC1C7-CA76-4150-9274-1B82C55DA90F,8,DQ300PSDa,江苏大全,NULL,DQ300PSDa
A1F8C8F8-AF4C-43A6-9557-4268BED0D8D7,458FB3C3-32BC-48FF-B910-C318C461E635,3,PVS-12M,阳光电源股份有限公司,NULL,PVS-12M
B216271B-C857-4072-ACB6-4303CBE997AB,9BF1D5DF-57F1-4903-B69C-A29329CF6BA3,20,THT-DKSC,保定天威恒通电气有限公司,NULL,THT-DKSC
EB526D39-CFD0-4C73-AF15-450115DCC140,641917AE-A7B4-4CA6-8141-B50BC3DEA9D4,15,SPSF-3000,国能日新,NULL,SPSF-3000
8D24200B-2C8C-4EA8-97EF-4558B4D7E49E,458FB3C3-32BC-48FF-B910-C318C461E635,4,PVS-16M,阳光电源股份有限公司,NULL,PVS-16M
B9DFEEAA-8685-4943-B17F-45654525ADB0,73F532E2-27D5-488C-A618-C84A164C5A6A,23,SZ11-25000/110GY,山东泰开高压,NULL,
BFE76C70-3720-4D1E-8B72-456E38B00F25,7009BB03-B1A3-4EB7-A8C7-342C1F03DCA8,18,110kv升压站,宿州协合风力发电有限公司,NULL,110kv升压站
E2C68466-A3A4-437F-A1A5-459D62D093AE,C8B96B26-9DC8-4B91-8655-22FF6E02A593,13,ZGS11-ZG-1100/35,山东鲁能泰山,NULL,ZGS11-ZG-1100/35
2C93D2FB-B82C-473E-AA08-46704A1DAB0D,C8B96B26-9DC8-4B91-8655-22FF6E02A593,26,S11-1100/36-XB2379#,江苏大全箱变科技有限公司,NULL,S11-1100/36-XB2379#
5B6DDD01-31BF-45C6-9FC6-467AD0FDE9F0,E084FF31-2F1B-4E8B-BFA1-9C82E7B5CE84,12,VG1-4012-31,江苏大全长江电器股份有限公司,NULL,VG1-4012-31
859B708A-D720-4269-A819-497BA90A8AE0,4E852BF7-FDAA-4D8C-A13C-4EFD09E4F9F3,17,A1800,elster 公司,NULL,A1800
C86C52C1-9F2D-4E13-807B-499AB373DB15,95E6DBCE-806D-4BE4-AC86-3CA2FBA5502C,1,GSC-10/12-YA,北京四方继保自动化股份有限公司,NULL,GSC-10/12-YA
1B870CA9-7929-4718-BD75-49F477E150A5,0C109926-7918-4B91-9FB1-2F71B28BACD0,8,WCS2000,安徽立卓,NULL,WCS2000
A693F485-E6AE-4977-A1D9-4A7F0A21F00C,9E8DC174-A7AC-49E0-B94A-0B4CDC003CBF,3,ZF10-126G,山东泰开高压开关有限公司,NULL,ZF10-126G
19B51ED5-63CE-4F0B-9CE7-4BAA08346BBA,73F532E2-27D5-488C-A618-C84A164C5A6A,9,LW25A-126,西安西电高压开关有限责任公司,NULL,LW25A-126
17EC7D52-3525-49AD-8F86-4C1DE9C4E68F,EF6594F0-8DAF-40B5-93A3-144F12EE8E6C,8,SZ11-50000/110,山东鲁能泰山电力设备有限公司,NULL,
B7F3DA26-D0E2-4A9C-8174-4CB1FD389362,E084FF31-2F1B-4E8B-BFA1-9C82E7B5CE84,15,PGV1-40.5P/630-25,河南省平高电气股份有限公司,NULL,PGV1-40.5P/630-25
796412D6-C23B-41F7-B09A-4D4790464F07,E084FF31-2F1B-4E8B-BFA1-9C82E7B5CE84,22,DQV-1206312221F,江苏大全股份有限公司,NULL,DQV-1206312221F
E44D7ED0-B0C5-4CC4-B55B-4DE57F4B2F5F,C8B96B26-9DC8-4B91-8655-22FF6E02A593,5,SF11-1100/36.75/0.3-0.3,江苏大全长江电器股份有限公司,NULL,SF11-1100/36.75/0.3-0.3
755FB17B-488D-4C44-A03D-4E50ACC021D5,B2BAC1C7-CA76-4150-9274-1B82C55DA90F,13,DQ270PSCa,南京大全,NULL,
6446F8DF-663C-4C3C-B1DF-4F21B27AE180,4E852BF7-FDAA-4D8C-A13C-4EFD09E4F9F3,29,DTZ178,烟台东方威思顿,NULL,
A829D059-D332-4F5A-9032-4FAFD23BC3A4,E084FF31-2F1B-4E8B-BFA1-9C82E7B5CE84,13,ZR-YJV22-26/35kV-3x150,,NULL,ZR-YJV22-26/35kV-3x150
59A266B0-6949-4089-AB33-4FE5BFEA318B,7009BB03-B1A3-4EB7-A8C7-342C1F03DCA8,16,武威光伏,协合新能源,NULL,武威光伏
15EC2833-D30D-4C38-B85D-51E15A8CFAEE,FA7DC619-9F2C-43FB-9E2A-F7166660DDE0,6,TF-1000,北京旗云创科,NULL,TF-1000
DF7E0911-2A38-4BD9-A7D8-5207BE8E8055,641917AE-A7B4-4CA6-8141-B50BC3DEA9D4,6,长园光功率预测V2.0,长园深瑞继保自动化有限公司,NULL,长园光功率预测V2.0
464D2AED-6C7B-431B-909E-524F2438BDB3,95E6DBCE-806D-4BE4-AC86-3CA2FBA5502C,5,仓房风电场,南瑞,NULL,仓房风电场
4E6D5729-9C1E-4866-A6A6-52A60064214B,9BF1D5DF-57F1-4903-B69C-A29329CF6BA3,23,KYN61-40.5,山东泰开真空开关有限公司,NULL,KYN61-40.5
00D534F8-0945-495D-A25C-52D39D309891,4E852BF7-FDAA-4D8C-A13C-4EFD09E4F9F3,12,DTSD3000,厦门红相电力设备有限公司,NULL,DTSD3000
06656AB7-8B3A-4B07-B2B5-53E30DDCA4E6,EF6594F0-8DAF-40B5-93A3-144F12EE8E6C,15,SFZ11-50000-115/35GYW,天威云南变压器股份有限公司,NULL,SFZ11-50000-115/35GYW
B614A42A-70D7-45F3-8A33-55088DDE2D80,4E852BF7-FDAA-4D8C-A13C-4EFD09E4F9F3,2,DTSD341,威胜集团,NULL,DTSD341
A35DAABB-8198-4EE5-B4DE-55218524C219,9E8DC174-A7AC-49E0-B94A-0B4CDC003CBF,19,JDZX9-35F,山东泰开,NULL,JDZX9-35F
7FA51C15-A283-49E3-97E1-572BA203A02D,9E8DC174-A7AC-49E0-B94A-0B4CDC003CBF,17,ZN85A-40.5/T1250-31.5,西电宝鸡,NULL,
69D1B0E0-5690-40C2-8278-577230CC4F1C,9BF1D5DF-57F1-4903-B69C-A29329CF6BA3,3,SC9/630/35,宁波明升变压器制造有限公司,NULL,SC9/630/35
5880990F-9DEF-4C89-8A47-5931E1844A96,41042D23-F3AF-4DC1-AB23-A97950B6DD60,24,121-2500,金风,2500.0000,121-2500
214D22E1-ED99-4ACD-9D7B-59CD9AEB8114,B273F5A4-FF7E-4D08-89C3-3D36D07140DB,1,未安装,,NULL,未安装
D47CE7D8-AB8A-4460-9820-5A17B0F3A0D5,95E6DBCE-806D-4BE4-AC86-3CA2FBA5502C,12,E5000-10/3,烟台东方科技环保有限公司,NULL,E5000-10/3
B47E7383-47A3-465E-9990-5B1CED62D910,41042D23-F3AF-4DC1-AB23-A97950B6DD60,33,XE116-2000_fcsj,湘电,2000.0000,XE116-2000
F8A9B959-98AD-45D3-A270-5B740BDCAE76,458FB3C3-32BC-48FF-B910-C318C461E635,11,TBEA-H1610/1000-A,特变电工新疆新能源股份有限公司,NULL,TBEA-H1610/1000-A
87370854-7E28-489B-9FF3-5BC922AA2FE2,458FB3C3-32BC-48FF-B910-C318C461E635,12,dlxh,Suntech,NULL,dlxh
8DB90AED-EF12-4BB3-89DF-5DBAB0829FC5,EE1DCF6C-E060-466F-A5CF-72C4EDAC2B26,6,国能日新_70,北京国能日新系统控制技术有限公司,NULL,国能日新_70
9CB2D1A2-47D6-4067-AB32-5DF188A1A7ED,C8B96B26-9DC8-4B91-8655-22FF6E02A593,9,DQF,江苏大全长江电器股份有限公司,NULL,DQF
C0B65A27-F3C2-4728-8F73-5E99F223C0D6,B2BAC1C7-CA76-4150-9274-1B82C55DA90F,10,GDM-300PE05,国电光伏（江苏）有限公司,NULL,GDM-300PE05
17512892-AEAC-4707-A2E0-5F08EB605A8A,EF6594F0-8DAF-40B5-93A3-144F12EE8E6C,9,SZ11-40000/110GYW,云南变压器电气股份有限公司,NULL,SZ11-40000/110GYW
017DA537-F5E7-40B6-A305-5F3E6988B27C,C8B96B26-9DC8-4B91-8655-22FF6E02A593,25,ZBWS11-1100/35,江苏大全箱变科技有限公司,NULL,ZBWS11-1100/35
A0567E07-37BF-441A-A938-5F89DFD9DA06,41042D23-F3AF-4DC1-AB23-A97950B6DD60,11,GW82-1500,金风,1500.0000,GW82-1500
D9200D6C-2B37-4947-9EBD-60186D12A03F,9BF1D5DF-57F1-4903-B69C-A29329CF6BA3,5,SC11-250/36.75,宁波天安,NULL,SC11-250/36.75
69BD1E7C-CD86-4762-B034-620D31D46B43,9E8DC174-A7AC-49E0-B94A-0B4CDC003CBF,15,KYN61-40.5,江苏大全长江电气股份有限公司,NULL,KYN61-40.5
56B5E50F-C58B-4816-9A69-62C725A65B55,7009BB03-B1A3-4EB7-A8C7-342C1F03DCA8,10,SF001(防火系统),南召皇后,NULL,SF001(防火系统)
8DB648C0-650F-411D-8510-630FB37941D6,9BF1D5DF-57F1-4903-B69C-A29329CF6BA3,7,SCB11-400/35,山东泰山电工电器有限公司,NULL,SCB11-400/35
59AE5A9A-BFCF-4D0C-B0AB-633C781F8016,EE1DCF6C-E060-466F-A5CF-72C4EDAC2B26,9,美国NRG型,,NULL,美国NRG型
37850CFB-3CF3-437E-993B-63EACEF686E1,7009BB03-B1A3-4EB7-A8C7-342C1F03DCA8,7,协合站,富川协合风力发电有限公司,NULL,协合站
9416703C-C50C-4984-B29B-63F3EAF915CC,B2BAC1C7-CA76-4150-9274-1B82C55DA90F,1,CEC6-72-300P,中节能,NULL,CEC6-72-300P
52DAAEBC-8029-4B4D-AD90-64B5FC015B81,73F532E2-27D5-488C-A618-C84A164C5A6A,13,PGV1-40.5/1250-25,平高集团有限公司,NULL,PGV1-40.5/1250-25
780BE7D0-C31F-497A-A504-65600EA1117E,C8B96B26-9DC8-4B91-8655-22FF6E02A593,1,ZGS-ZG-1100/38.5,宁波天安,NULL,ZGS-ZG-1100/38.5
01026767-F725-4DF5-8050-65F8EA8B52B6,82F9B6A3-4DE6-44A8-B3C3-B71A14917665,2,采集服务,北京动力协合,NULL,
3AAAC25D-93B0-455F-8F17-66187DE0E3E0,EE1DCF6C-E060-466F-A5CF-72C4EDAC2B26,5,南瑞继保测风塔_100,南瑞继保,NULL,南瑞继保测风塔_100
ACFC9140-71E1-43B3-B1AA-662E6ED05D72,4E852BF7-FDAA-4D8C-A13C-4EFD09E4F9F3,26,N680,EDMI,NULL,N680
B296B80F-0425-4DE6-B1E1-669FF28454F2,41042D23-F3AF-4DC1-AB23-A97950B6DD60,39,UP2000-115,联合动力,NULL,
9BC85A7B-DE81-4E1D-A365-66CB48248FD9,73F532E2-27D5-488C-A618-C84A164C5A6A,22,JL/GIA-185/30,山东泰开高压,NULL,
673C09D9-7FA3-4336-8933-673AE5DDF9AB,41042D23-F3AF-4DC1-AB23-A97950B6DD60,15,FD82-1500,东汽,1500.0000,FD82-1500
7BE7CAAD-8D51-46BF-A88E-6786186432BB,0C109926-7918-4B91-9FB1-2F71B28BACD0,3,Huadeng_GCSM-216（AGC）/Huadeng_TH-FQ（AVC）,北京四方继保自动化股份有限公司（AGC）/沈阳天河自动化工程有限公司（AVC）,NULL,GCSM-216（AGC）/Huadeng_TH-FQ（AVC）
5EF4147E-C174-4042-AAA9-67D73C611EA1,41042D23-F3AF-4DC1-AB23-A97950B6DD60,10,GW87-1500,金风,1500.0000,GW87-1500
06EB19B8-7CD0-4567-8409-6803CF2A7678,41042D23-F3AF-4DC1-AB23-A97950B6DD60,14,GW77-1500,金风,1500.0000,GW77-1500
E67EAA93-0288-4A0C-B556-6854C5B35A4D,E084FF31-2F1B-4E8B-BFA1-9C82E7B5CE84,10,集电线路,,NULL,集电线路
6D6BB5AB-3912-4CBB-ACCB-697FC3ED324A,4E852BF7-FDAA-4D8C-A13C-4EFD09E4F9F3,11,WFET,长沙威胜信息技术有限公司,NULL,WFET
A7293C72-5CEE-4387-BF46-69D1BA0CF9D8,41042D23-F3AF-4DC1-AB23-A97950B6DD60,12,SL-1500,华锐,1500.0000,SL-1500
45DB9FFF-988B-44DF-82B4-6A64C205D920,9E8DC174-A7AC-49E0-B94A-0B4CDC003CBF,13,PCS-915,南瑞继保,NULL,PCS-915
B222504E-3E9C-4CA8-98D3-6BC027BE3394,4E852BF7-FDAA-4D8C-A13C-4EFD09E4F9F3,32,FFC3-301391,兰吉尔仪表系统有限公司,NULL,
CB958FE4-10B8-4F56-83BE-6C03A173EF97,41042D23-F3AF-4DC1-AB23-A97950B6DD60,6,XE112-2000-JP,湘电,2000.0000,XE112-2000
302EA60B-E891-4A1A-9F83-6D164331B78C,4E852BF7-FDAA-4D8C-A13C-4EFD09E4F9F3,33,Landis+Gyr E650,兰吉尔仪表系统有限公司,NULL,
6AD706F2-6295-43FD-BC51-6DC06E772991,4E852BF7-FDAA-4D8C-A13C-4EFD09E4F9F3,23,DTZ341 0.5级、双向多功能电能表,长沙威盛集团有限公司,NULL,DTZ341 0.5级、双向多功能电能表
CA395D8F-A1E1-4609-B782-6F54EB2BBA22,C8B96B26-9DC8-4B91-8655-22FF6E02A593,3,ZGS11-ZF-2200/35,特变电工,NULL,ZGS11-ZF-2200/35
8DA9518E-7302-409D-AA58-6F74369CFE76,73F532E2-27D5-488C-A618-C84A164C5A6A,20,JL/G1A-150,江苏大全股份有限公司,NULL,JL/G1A-150
191FB31F-3BB4-4703-9BD3-6FF4E1D7E3A5,9E8DC174-A7AC-49E0-B94A-0B4CDC003CBF,9,TMY-80x10,哈尔滨九洲电气股份有限公司,NULL,TMY-80x10
0DA4C777-E66E-405F-8E76-70485D34F519,9E8DC174-A7AC-49E0-B94A-0B4CDC003CBF,7,TMY-100*8,山东泰开,NULL,TMY-100*8
0B0D36E0-AE70-47BD-997D-72528B8829F5,73F532E2-27D5-488C-A618-C84A164C5A6A,11,LW58-252(W)/T4000-50,江苏如高高压电器有限公司,NULL,LW58-252(W)/T4000-50
07953911-3A6F-4B26-9677-729EEB671261,E084FF31-2F1B-4E8B-BFA1-9C82E7B5CE84,6,ZN85-40.5,江苏大全长江电器股份有限公司,NULL,ZN85-40.5
C9243B02-4476-4887-9259-72CBB4885271,43A89653-168B-46D9-B47D-0B6C773C3AF9,6,XC680-NA 680kVA,Schneider Electric,NULL,
88D805C3-2ABD-4CB4-8963-731D1D0BC13C,0C109926-7918-4B91-9FB1-2F71B28BACD0,11,EC-8410,上海铱控自动化系统工程有限公司,NULL,
89C15A88-006F-44CB-8C48-738C362753E2,9BF1D5DF-57F1-4903-B69C-A29329CF6BA3,11,BWXH-Z35/25A-400/0.4,河北博为电气有限公司,NULL,BWXH-Z35/25A-400/0.4
B7DDE959-0E27-4B8B-8CB1-74957A8116CB,FA7DC619-9F2C-43FB-9E2A-F7166660DDE0,9,QXZ,动力协合,NULL,
EFC270BC-AE2C-4398-A823-75FC9C1972C6,641917AE-A7B4-4CA6-8141-B50BC3DEA9D4,8,PowerEdge R220,东润环能,NULL,PowerEdge R220
36999716-87F2-4218-AB76-765E1B7651B0,EE1DCF6C-E060-466F-A5CF-72C4EDAC2B26,1,东润环能测风塔70,东润环能,NULL,东润环能测风塔70
50D2058B-3651-4BB3-B691-76BA963A9A76,7009BB03-B1A3-4EB7-A8C7-342C1F03DCA8,13,SW001(污水处理系统),南召皇后,NULL,SW001(污水处理系统)
F6F99603-2283-4124-B427-76C559B0A61B,41042D23-F3AF-4DC1-AB23-A97950B6DD60,29,G97-CⅡ2.0MW,歌美飒,2000.0000,G97-CⅡ2.0MW
213B402A-A0C9-49B4-8664-770AE39FD735,0C109926-7918-4B91-9FB1-2F71B28BACD0,13,AVC-6000,安徽立卓智能电网科技有限公司,NULL,AVC-6000
1FE49E27-7753-4D62-AE4B-775992519343,EF6594F0-8DAF-40B5-93A3-144F12EE8E6C,16,SZ11-25000/110GY,山东鲁能,NULL,
64A86854-02EC-4AF5-8BDA-78619920F222,EF6594F0-8DAF-40B5-93A3-144F12EE8E6C,2,Huadeng_FSZ11-100000/220,三变科技股份有限公司,NULL,FSZ11-100000/220
D20AB3B8-B60C-469E-9500-7BCD74A64EBF,B2BAC1C7-CA76-4150-9274-1B82C55DA90F,15,Canadian Solar 300W,"Canadian Solar ",NULL,
4B15D5F6-3349-4A23-B041-7C2F2B798F82,9E8DC174-A7AC-49E0-B94A-0B4CDC003CBF,10,PCS-915NAL-1A,南瑞继保,NULL,PCS-915NAL-1A
304E0B97-7E37-43EA-B5B5-7D19F897E98B,9BF1D5DF-57F1-4903-B69C-A29329CF6BA3,12,DKS9-1000/37-250/0.4,河北旭辉电气股份有限公司,NULL,DKS9-1000/37-250/0.4
CD13C95E-8423-4ACC-8502-7D480C4DC38F,9E8DC174-A7AC-49E0-B94A-0B4CDC003CBF,18,JDQXF3-220,山东泰开,NULL,JDQXF3-220
068C3A2B-5571-48BD-8EAA-7E56C85B18E0,C8B96B26-9DC8-4B91-8655-22FF6E02A593,20,1400kVA 13.2kV-380VAC,SquareD,NULL,1400kVA 13.2kV-380VAC
EC178751-3FED-4F23-99C9-7E9EFE66F6E0,7009BB03-B1A3-4EB7-A8C7-342C1F03DCA8,22,干巴拉光伏站,山东鲁能泰山电力设备有限公司,NULL,干巴拉光伏站
40A2D873-D657-4531-AEE3-7EEF8117B928,641917AE-A7B4-4CA6-8141-B50BC3DEA9D4,20,PRS-7961B-2M-24T-Q1-1P,长园深瑞继保自动化有限公司,NULL,
88A35409-6DAB-4A3A-BD89-7F564EE5B2A5,C8B96B26-9DC8-4B91-8655-22FF6E02A593,12,DQF-2150/37,江苏大全长江电气股份有限公司,NULL,DQF-2150/37
91DA7470-5FF1-492C-8CB7-80D8574C3DCB,43A89653-168B-46D9-B47D-0B6C773C3AF9,8,XC680-NA 681kVA,Schneider Electric,NULL,XC680-NA 681kVA
D575C1C3-2A3D-4E08-8078-8100CE1C8D3C,E084FF31-2F1B-4E8B-BFA1-9C82E7B5CE84,25,JD,北京动力协合,NULL,
C626DDF9-AA45-4F83-A098-828AAC58F8B8,458FB3C3-32BC-48FF-B910-C318C461E635,6,SPB16B1-M,厦门科华恒盛,NULL,SPB16B1-M
304EE1FA-6E51-48A4-8192-831B674B5ACE,4E852BF7-FDAA-4D8C-A13C-4EFD09E4F9F3,27,A8332-8F2D Flex IO Monitoring KYZ Pulse Meter,Obvius,NULL,
5E99E95B-838B-4FFE-A216-8370138CDAA6,EF6594F0-8DAF-40B5-93A3-144F12EE8E6C,4,SFZ11-100000/110,特工变电衡阳变压器有限公司,NULL,SFZ11-100000/110
7CFA58C8-D13D-41B9-9794-83A7E69252FB,C8B96B26-9DC8-4B91-8655-22FF6E02A593,14,2400kVA箱式变电站（美式）YBB-40.5,河南森源,NULL,2400kVA箱式变电站（美式）YBB-40.5
45A3D672-1638-45B1-920D-8439772D7895,9BF1D5DF-57F1-4903-B69C-A29329CF6BA3,16,S11-315/37,济南济变志亨电力设备有限公司,NULL,S11-315/37
2FA54214-FE65-46ED-9A50-84E036507EBF,7009BB03-B1A3-4EB7-A8C7-342C1F03DCA8,24,措美协合光伏电厂,措美协合太阳能发电有限公司,NULL,
FF2D3976-7B82-405A-9C92-855A77E3897E,73F532E2-27D5-488C-A618-C84A164C5A6A,1,XGN8-40.5（Z）/T1600-31.5,北京北开电气股份有限公司,NULL,XGN8-40.5（Z）/T1600-31.5
15BA626E-80DD-4386-BEAA-8682CF74ADE1,95E6DBCE-806D-4BE4-AC86-3CA2FBA5502C,9,DLSVG12000/35,大力电工襄阳股份有限公司,NULL,DLSVG12000/35
3675DC8F-C101-4ABE-88B8-86D85C45A6FA,41042D23-F3AF-4DC1-AB23-A97950B6DD60,5,XE105-2000-HLG,湘电,2000.0000,XE105-2000
F0CBDE18-777E-43EF-943F-86E154B78332,E084FF31-2F1B-4E8B-BFA1-9C82E7B5CE84,19,KYN64-40.5,江苏花冠电器集团有限公司,NULL,KYN64-40.5
3AA31628-F89A-4B44-A73B-87375CE813B0,641917AE-A7B4-4CA6-8141-B50BC3DEA9D4,21,3E-400,东润环能,NULL,
7BA147E0-0F42-498F-BCE5-89A535968C74,B273F5A4-FF7E-4D08-89C3-3D36D07140DB,5,CMS,威锐达,NULL,
69949A1F-7084-41BD-A7A6-8A75C89D28F0,C8B96B26-9DC8-4B91-8655-22FF6E02A593,6,ZGS11-ZF-2150/35,特变电工衡阳变压器有限公司,NULL,ZGS11-ZF-2150/35
DB01DF09-0408-4B1A-9F6D-8B5CCCFFF7C9,C8B96B26-9DC8-4B91-8655-22FF6E02A593,2,ZGSB11-Z.F-1600/35,山东泰开箱变有限公司,NULL,ZGSB11-Z.F-1600/35
6DE26CAE-AE0F-49C1-A363-8C31C4B48F60,4E852BF7-FDAA-4D8C-A13C-4EFD09E4F9F3,10,EDMI MK6E GENIUS,上海仁厚电子有限公司,NULL,EDMI MK6E GENIUS
B5EF2103-B93A-4DC6-B463-8C5165CF525C,C8B96B26-9DC8-4B91-8655-22FF6E02A593,19,ZBWS#1-4,江苏大全箱变科技有限公司,NULL,ZBWS#1-4
A03A8113-9B41-4A22-AAB8-8C73E48218EF,7009BB03-B1A3-4EB7-A8C7-342C1F03DCA8,5,五河协合饮马湖风电厂,中国风电集团,NULL,五河协合饮马湖风电厂
77133CED-A6DD-46E8-BECC-8C8CA7C2FB30,43A89653-168B-46D9-B47D-0B6C773C3AF9,12,PVI 82KW,Solectria,NULL,
D5DEB01D-4B9C-4CB8-81E7-8E8A0640CD3B,73F532E2-27D5-488C-A618-C84A164C5A6A,21,LW36-126kV-2000A,正泰电器,NULL,LW36-126kV-2000A
97948BC4-4FFB-4426-9FDB-8F91B706508B,4E852BF7-FDAA-4D8C-A13C-4EFD09E4F9F3,7,MK6E,EDMI,NULL,MK6E
4BD16A36-7CA2-4B8F-87A3-8FD1247183AA,C8B96B26-9DC8-4B91-8655-22FF6E02A593,24,S11-1100/35,江苏大全箱变科技有限公司,NULL,S11-1100/35
7B57F15C-CDB3-40B6-9BB9-9058FF0D8AA1,41042D23-F3AF-4DC1-AB23-A97950B6DD60,35,GW115/2000_huanghou,金风,2000.0000,GW115/2000
DD26045A-0F97-4157-8EB1-9076F2A7558A,C8B96B26-9DC8-4B91-8655-22FF6E02A593,7,ZGS11-Z.G-1100/35,山东鲁能泰山电力设备有限公司,NULL,ZGS11-Z.G-1100/35
BB9DAC41-EEE0-43E9-8948-93081824B31B,73F532E2-27D5-488C-A618-C84A164C5A6A,4,PGV1-40.5/630-31.5,平高集团,NULL,PGV1-40.5/630-31.5
54F96B72-22A3-45A8-BE27-93433B8D555A,41042D23-F3AF-4DC1-AB23-A97950B6DD60,21,FD77-1500,常牵,1500.0000,FD77-1500
A9109095-2321-4F2E-943B-9774BE56820B,FA7DC619-9F2C-43FB-9E2A-F7166660DDE0,7,CR1000_XT,曙光新航,NULL,CR1000_XT
1157EF5C-81AE-4B94-B940-97FF84C87E75,9BF1D5DF-57F1-4903-B69C-A29329CF6BA3,8,DKSC-900-400/35,思源电气股份有限公司,NULL,DKSC-900-400/35
65F2948A-8E1D-4F19-A376-98E6283A5FBE,7009BB03-B1A3-4EB7-A8C7-342C1F03DCA8,11,SS001(视频监控系统),南召皇后,NULL,SS001(视频监控系统)
7EF690F1-6FC1-4232-9488-9972E44F51D3,0C109926-7918-4B91-9FB1-2F71B28BACD0,9,NECExpress5800/GT110d,南京南瑞继保工程技术有限公司,NULL,NECExpress5800/GT110d
401E0372-28C3-4D05-B95B-99AD658FC039,C8B96B26-9DC8-4B91-8655-22FF6E02A593,18,ZBWS,江苏大全箱变科技有限公司,NULL,ZBWS
DDCDDE69-599B-4D9B-915E-99B2F72B6361,C8B96B26-9DC8-4B91-8655-22FF6E02A593,23,ZGS-Z-1100/10.5,宁波天安变压器有限公司,NULL,ZGS-Z-1100/10.5
90189223-B6A1-4B66-A02E-9A51EE3D0B74,43A89653-168B-46D9-B47D-0B6C773C3AF9,3,TC500KH,特变电工,NULL,TC500KH
3BF79DB4-BC11-484F-BD88-9A674BDE6A19,95E6DBCE-806D-4BE4-AC86-3CA2FBA5502C,21,FC_DRQZ,中国南车,NULL,FC_DRQZ
D20F971F-9F4E-421A-A46A-9ADBDC0C811B,73F532E2-27D5-488C-A618-C84A164C5A6A,16,KYN61C-40.5,江苏华冠电器集团有限公司,NULL,KYN61C-40.5
DCBA5955-108E-4788-9499-9B0BBE656D5A,B2BAC1C7-CA76-4150-9274-1B82C55DA90F,4,LW6P60-270,光为,NULL,LW6P60-270
B5E9BF9C-BDF4-4D0F-8851-9B38DA0B7F26,EE1DCF6C-E060-466F-A5CF-72C4EDAC2B26,4,NRG-ipack,动力协合,NULL,NRG-ipack
F57EA4D1-275E-4E1E-A0AF-9C430E4043EC,C8B96B26-9DC8-4B91-8655-22FF6E02A593,22,ZGS11-Z.F-2200/35,特变电工衡阳,NULL,
29B8AFD3-79C7-4D30-B3A8-9CCA29057DAA,9E8DC174-A7AC-49E0-B94A-0B4CDC003CBF,2,KYN61,西电宝鸡电气有限公司,NULL,KYN61
6F56B198-7644-4A8B-9A47-9CD20A8FEE59,FA7DC619-9F2C-43FB-9E2A-F7166660DDE0,10,JLC-QXI,锦州利诚环境检测仪,NULL,JLC-QXI
25D5CC25-4FBE-4301-B0A5-9CD89ADDA592,9BF1D5DF-57F1-4903-B69C-A29329CF6BA3,6,DKSC-800/35-313/0.4,河北博为电气有限公司,NULL,DKSC-800/35-313/0.4
40832746-452E-40FE-A379-9E3C3509FEB6,B2BAC1C7-CA76-4150-9274-1B82C55DA90F,9,SW 280 MONO,SolarWorld,NULL,
A3176DCA-1B96-40C9-B045-9EB784DA0626,73F532E2-27D5-488C-A618-C84A164C5A6A,19,KYN28-12,江苏大全股份有限公司,NULL,KYN28-12
ADF92B31-EC04-4320-9E18-9F0C4BFDC942,FA7DC619-9F2C-43FB-9E2A-F7166660DDE0,1,JLC-QX1,锦州利诚,NULL,JLC-QX1
088BDADE-EC76-4365-AB95-9F9A58703126,41042D23-F3AF-4DC1-AB23-A97950B6DD60,34,MY2.0Se/110-85_xinguang,明阳,2000.0000,MY2.0Se/110-85
57EA6D92-0599-4C5A-928B-A0179BF83D62,C8B96B26-9DC8-4B91-8655-22FF6E02A593,16,ZGS-Z.G-1100/38.5,山东泰开,NULL,ZGS-Z.G-1100/38.5
62E52DC2-A8A1-4654-BDD9-A09D39EB9C03,C8B96B26-9DC8-4B91-8655-22FF6E02A593,17,ZGS11-Z-F-2200/35,特变电工,NULL,ZGS11-Z-F-2200/35
396D0A9F-301D-4AF2-A3F4-A1D852E1AC4C,4E852BF7-FDAA-4D8C-A13C-4EFD09E4F9F3,18,DSSD331,湖南威盛,NULL,
5688D8F3-74E8-46DD-BA5B-A1FF93409785,E084FF31-2F1B-4E8B-BFA1-9C82E7B5CE84,11,KYN61,西电宝鸡电气有限公司,NULL,KYN61
855B8022-D007-41AA-8BFE-A2B80A1A5E34,EF6594F0-8DAF-40B5-93A3-144F12EE8E6C,1,FSZ11-100000/220,三变科技股份有限公司,NULL,FSZ11-100000/220
090E271F-EBF0-4A6A-8FEA-A2C7118A5C64,E084FF31-2F1B-4E8B-BFA1-9C82E7B5CE84,3,i-AY1-40.5-12,中国长城电工、天水长城开关厂有限公司,NULL,i-AY1-40.5-12
840CE9E4-7508-41E8-A714-A3BEEA000B04,7009BB03-B1A3-4EB7-A8C7-342C1F03DCA8,9,SJ001(交直流电源系统),南召皇后,NULL,SJ001(交直流电源系统)
E2704B74-0564-49BF-BAD2-A3EB24C98D53,9E8DC174-A7AC-49E0-B94A-0B4CDC003CBF,5,TMY-100x10,西电光电缆,NULL,TMY-100x10
9A19535C-EDD2-4CB0-977C-A424B7FD7B71,B2BAC1C7-CA76-4150-9274-1B82C55DA90F,11,STP175S-24/AB-1,Suntech,NULL,
ED6FA95F-3937-4996-8083-A518CE341C12,6F131376-CBD2-4CC0-9E0B-C27B9C55B348,1,SG60KTL-M,阳光电源股份有限公司,NULL,SG60KTL-M
FDB66EE4-0F55-4544-B640-A6AC3C2BAAA6,4E852BF7-FDAA-4D8C-A13C-4EFD09E4F9F3,21,E650 0.2级,兰吉尔仪表系统(珠海）有限公司,NULL,E650 0.2级
7C09FACC-42EE-4394-8827-A6C2E78F6719,9E8DC174-A7AC-49E0-B94A-0B4CDC003CBF,16,XGN49-40.5(Z),宁波天安,NULL,
0D04F44E-1BAF-4C67-9EC5-A6CD45E44DE8,E084FF31-2F1B-4E8B-BFA1-9C82E7B5CE84,21,"Special Order - 15KV, 1200A",Shallbetter,NULL,
C5BCE5D1-0567-4974-9A29-A75D269FFACE,95E6DBCE-806D-4BE4-AC86-3CA2FBA5502C,6,"S11-10000/35,10MVA",南京南瑞继保电气有限公司,NULL,"S11-10000/35,10MVA"
8141E499-CE2C-4716-ADD9-A773E4EF1E35,641917AE-A7B4-4CA6-8141-B50BC3DEA9D4,18,PRS-7051,长园深瑞,NULL,PRS-7051
00981F33-D747-4995-BFA7-A78DD9D1FC61,0C109926-7918-4B91-9FB1-2F71B28BACD0,17,PCS-9700,南瑞继保,NULL,PCS-9700
2053C0B2-720B-4CB7-9011-A84943AFD6C6,C8B96B26-9DC8-4B91-8655-22FF6E02A593,28,ZGSB11-ZF-2200/35,正泰电气股份有限公司,NULL,
9C480A92-D8E2-46E2-804D-A91820D71951,641917AE-A7B4-4CA6-8141-B50BC3DEA9D4,2,3E-ICR-100,东润环能,NULL,3E-ICR-100
9BABF45F-7ACD-4881-A599-A99B85DAA0F0,0C109926-7918-4B91-9FB1-2F71B28BACD0,7,SPSGC-3000,北京国能日新系统控制技术有限公司,NULL,SPSGC-3000
DAAC29D0-49C0-4C06-89AD-AA773BF0965C,E084FF31-2F1B-4E8B-BFA1-9C82E7B5CE84,7,HLGJD01,平高集团,NULL,HLGJD01
39DD1C11-53BB-48D2-80EF-AA9CCAA80F91,641917AE-A7B4-4CA6-8141-B50BC3DEA9D4,13,CGD,北京木联能,NULL,CGD
0A4CC440-1C99-4C15-B367-AADACFC545CA,0C109926-7918-4B91-9FB1-2F71B28BACD0,10,CSC-800WS,北京四方,NULL,CSC-800WS
961B8C1A-DA3D-4B1C-9679-ABF036D35F29,9BF1D5DF-57F1-4903-B69C-A29329CF6BA3,22,ZN85A-40.5/T1250-31.5,西电宝鸡,NULL,
3D22FD63-5993-4656-95AD-AC94B0C4A4F4,EF6594F0-8DAF-40B5-93A3-144F12EE8E6C,7,SZ11-63000/220,西电济南变压器股份有限公司,NULL,SZ11-63000/220
BF0C0EA1-9AFA-4F92-94B2-ACCC4DDDB212,95E6DBCE-806D-4BE4-AC86-3CA2FBA5502C,4,S11-10000/36.75,鲁特电工股份有限公司,NULL,S11-10000/36.75
CC3237FB-F9F0-4495-B0C0-ADB528E036D6,C8B96B26-9DC8-4B91-8655-22FF6E02A593,27,ZGS11-Z·G-1100/35,山东泰开,NULL,
1BF187A5-49AB-4587-ABB0-AE94A252F5BE,C8B96B26-9DC8-4B91-8655-22FF6E02A593,29,"500kVA,275V TO 24.9kV",ABB,NULL,
CED8940F-6149-41C8-B8EA-AED0F0908BF8,7009BB03-B1A3-4EB7-A8C7-342C1F03DCA8,23,华坪干箐,华坪协合光伏发电有限公司,NULL,华坪干箐
232B81F0-DC91-4763-BF87-AF0B0C3CDA12,E084FF31-2F1B-4E8B-BFA1-9C82E7B5CE84,14,ZN85A-40.5/T1250-31.5,西电宝鸡,NULL,
5B13A357-1676-4166-BAFA-AF5B884535E9,B2BAC1C7-CA76-4150-9274-1B82C55DA90F,14,TPS-P6U(60)-270w,陕西拓日,NULL,
FC829314-54B7-4571-BDCD-B3095450C372,EE1DCF6C-E060-466F-A5CF-72C4EDAC2B26,7,国电南瑞_70,国电南瑞,NULL,国电南瑞_70
7B15DA49-4122-48FC-834B-B31F59A45A0F,73F532E2-27D5-488C-A618-C84A164C5A6A,18,LW36-126(W)/T3150-40kA,江苏如高,NULL,LW36-126(W)/T3150-40kA
7761BBF5-7D56-4223-ABB1-B3287347DE82,EE1DCF6C-E060-466F-A5CF-72C4EDAC2B26,8,国能配套测风塔_70,国能配套,NULL,国能配套测风塔_70
64293876-05FA-4ACA-9498-B33A682BF262,73F532E2-27D5-488C-A618-C84A164C5A6A,15,ZN85-40.5/1250A-31.5kA,哈尔滨九洲电气股份有限公司,NULL,ZN85-40.5/1250A-31.5kA
70C2B851-5D28-47EC-8ED5-B362AD8F6992,9BF1D5DF-57F1-4903-B69C-A29329CF6BA3,19,DKSC-630-250/10,思源电气股份有限公司,NULL,DKSC-630-250/10
D2DB24D0-635F-4B79-8665-B3702C7BCBEA,FA7DC619-9F2C-43FB-9E2A-F7166660DDE0,13,TP-6200,北京旗云,NULL,
3894903B-2E20-43E7-8D1F-B42930375743,C8B96B26-9DC8-4B91-8655-22FF6E02A593,21,"Class 7230, Three Phase, Liquid Filled",SquareD,NULL,
88705E1E-032F-4B9C-8244-B480AC36D66C,458FB3C3-32BC-48FF-B910-C318C461E635,2,GP-PVH16-Z,深圳金宏威,NULL,GP-PVH16-Z
585ED33E-C659-47C8-818F-B4FF471518A8,049F4206-7700-4E39-A540-A912DD7FFC66,2,方阵,北京动力协合,NULL,
7E54A45C-BD7F-4A3F-8A39-B6677440BD47,82F9B6A3-4DE6-44A8-B3C3-B71A14917665,3,数据源,北京动力协合,NULL,
BEAD38F8-5877-4DF0-94DD-B893065A6297,641917AE-A7B4-4CA6-8141-B50BC3DEA9D4,7,北京国能日新系统3.8（软件版本号）,北京国能日新系统控制技术有限公司,NULL,北京国能日新系统3.8（软件版本号）
428526F7-D984-4678-A228-B92FD68F438F,B2BAC1C7-CA76-4150-9274-1B82C55DA90F,6,JKM-295P,晶科能源,NULL,JKM-295P
39BD0A5A-4707-4414-AF79-BA4C583057FA,E084FF31-2F1B-4E8B-BFA1-9C82E7B5CE84,20,KYN1-13.2dlxh,动力协合,NULL,KYN1-13.2dlxh
B1CB5D4C-6E06-4284-9AAD-BA51FB29DB7C,9E8DC174-A7AC-49E0-B94A-0B4CDC003CBF,4,BP-2C,长园深瑞,NULL,BP-2C
AD81720B-1B66-4612-A51F-BB93B6777C14,458FB3C3-32BC-48FF-B910-C318C461E635,5,PMD-A240K,阳光电源股份有限公司,NULL,PMD-A240K
6DF0C130-6FF6-4A57-8E8F-BBF69A6A5A0E,43A89653-168B-46D9-B47D-0B6C773C3AF9,15,Ingecon Sun 500 TL U X275 Outdoor,"Ingeteam ",NULL,
D01BC5EB-8E9E-4071-9DAB-BD5967714CFF,641917AE-A7B4-4CA6-8141-B50BC3DEA9D4,3,Huadeng_3E-ICR-100,东润环能,NULL,3E-ICR-100
01AD20CB-16B5-4B4E-8216-BD8C665A46A7,43A89653-168B-46D9-B47D-0B6C773C3AF9,10,PVI 95KW,SMA,NULL,
B68828D3-CE82-45ED-8474-BDF98D2EF5C4,73F532E2-27D5-488C-A618-C84A164C5A6A,2,LW10B-252(H)/4000-50,河南平高电气股份有限公司,NULL,LW10B-252(H)/4000-50
32DEA4FB-5E83-4E0F-BC60-BE67A248A775,7009BB03-B1A3-4EB7-A8C7-342C1F03DCA8,2,江华风场,蒙东协合,NULL,江华风场
9C690EB8-E8C2-45A9-B40B-BF2073C78263,0C109926-7918-4B91-9FB1-2F71B28BACD0,5,"RCS-9698G-220V（AGC) RCS-9794A-220V（AVC) ",南京南瑞继保电气有限公司,NULL,"RCS-9698G-220V（AGC) RCS-9794A-220V（AVC) "
16FDE6E2-37DA-45E9-B6B6-BF6D6078BE6A,7009BB03-B1A3-4EB7-A8C7-342C1F03DCA8,6,白泥井风场,会泽协合,NULL,白泥井风场
84A44BD1-18D8-4081-A772-C06DBC407682,458FB3C3-32BC-48FF-B910-C318C461E635,10,MODAQO-PVX-6,江苏大全,NULL,MODAQO-PVX-6
F6B3A3EC-6D87-419F-8083-C08C66005251,0C109926-7918-4B91-9FB1-2F71B28BACD0,4,DCAP-5088F,湖南紫光,NULL,DCAP-5088F
9D6FC333-A73F-4562-B23D-C090DC75275B,FA7DC619-9F2C-43FB-9E2A-F7166660DDE0,5,PC-4,锦州阳光气象科技有限公司,NULL,PC-4
B9EEECFA-8875-406C-AB10-C0DC3240AFCD,95E6DBCE-806D-4BE4-AC86-3CA2FBA5502C,3,NSVG-±11000/35,中国南车,NULL,NSVG-±11000/35
79F95C7E-2E52-4B94-9AA2-C17FDB6D1B5E,95E6DBCE-806D-4BE4-AC86-3CA2FBA5502C,19,PCS-9583-HSVG-GL-Y,南京南瑞,NULL,
564FDD68-0266-42F6-BD50-C18DE5E0E298,4E852BF7-FDAA-4D8C-A13C-4EFD09E4F9F3,30,DKS1-900-315,上海思源电气,NULL,
D979DB89-EB80-4C88-8E59-C2A5A73AA1A4,C8B96B26-9DC8-4B91-8655-22FF6E02A593,30,1500 kVA 3 Phase Pad-Mounted Transformer,ABB,NULL,
11149492-E9AC-4788-B930-C3776120DAF0,41042D23-F3AF-4DC1-AB23-A97950B6DD60,26,G90-C1_2.0MW_cangfang,歌美飒,2000.0000,G90-C1_2.0MW
CC8E8293-187B-4047-8AFD-C47CF069B818,E084FF31-2F1B-4E8B-BFA1-9C82E7B5CE84,4,DTJD01,平高集团,NULL,DTJD01
C443246E-BACC-4966-96A5-C4E10224F2AB,9BF1D5DF-57F1-4903-B69C-A29329CF6BA3,1,YE-250/10/0.4,上海庆泰电气,NULL,YE-250/10/0.4
766FBB6C-D312-48C0-AEB3-C6316AE06FE4,FA7DC619-9F2C-43FB-9E2A-F7166660DDE0,12,CYG_JLC,锦州阳光,NULL,CYG_JLC
43E76A25-9CEF-4FB4-B00F-C65683523CFE,E084FF31-2F1B-4E8B-BFA1-9C82E7B5CE84,1,LGJ-185/30,成都强力,NULL,LGJ-185/30
81DC2CE8-1D8C-4A51-9019-C6605F4236A4,C8B96B26-9DC8-4B91-8655-22FF6E02A593,10,DTE2220/36,ABB上海变压器厂,NULL,DTE2220/36
75C5A892-D674-434B-8B89-C664058BD8B3,9E8DC174-A7AC-49E0-B94A-0B4CDC003CBF,8,铜排80×10,山东泰开,NULL,铜排80×10
574F1C6C-9131-4AFE-BFC0-C7875051FB64,458FB3C3-32BC-48FF-B910-C318C461E635,14,STG.CBC.13.BJAJN0110-250,Shoals Technologies Group,NULL,
B9ABD630-945D-4B0D-BB1E-C9D778D13749,7009BB03-B1A3-4EB7-A8C7-342C1F03DCA8,4,仓房风电场,会泽协合风力发电有限公司,NULL,仓房风电场
7551329D-5CCE-4F33-A0B8-CB388BF8D50F,41042D23-F3AF-4DC1-AB23-A97950B6DD60,27,GW115/2000_yinmahu,金风,2000.0000,GW115/2000
81C7BAAC-985C-4046-975F-CB40CF4B0E8E,EF6594F0-8DAF-40B5-93A3-144F12EE8E6C,3,SSZ11-100000/110,特变电工,NULL,SSZ11-100000/110
E52602D8-DF71-4C98-947A-CBD8CBD53CBB,41042D23-F3AF-4DC1-AB23-A97950B6DD60,9,SL1500/82,华锐,1500.0000,SL1500/82
18A5DDF3-86D5-4E43-97D2-CC49FA80E82F,43A89653-168B-46D9-B47D-0B6C773C3AF9,11,PVI 60KW,Solectria,NULL,
27F8D743-06DE-461A-B881-CED6F9F35EF1,641917AE-A7B4-4CA6-8141-B50BC3DEA9D4,16,V2.0,东润环能,NULL,V2.0
4869F635-644F-42F0-B599-CEF80868A50C,4E852BF7-FDAA-4D8C-A13C-4EFD09E4F9F3,4,Huadeng_ZMD402CT44.0457 S2,兰吉尔仪表系统（珠海）有限公司,NULL,ZMD402CT44.0457 S2
61D0EA00-91B4-480B-A428-CF2331D76CFE,4E852BF7-FDAA-4D8C-A13C-4EFD09E4F9F3,3,ZMD402CT44.0457 S2,兰吉尔仪表系统（珠海）有限公司,NULL,ZMD402CT44.0457 S2
0A98A667-5A36-42EF-9485-CF42D08A98E8,43A89653-168B-46D9-B47D-0B6C773C3AF9,14,SPI500K-B,厦门科华公司,NULL,
5E1D4587-D01D-410C-945E-D166F5CAE0BB,43A89653-168B-46D9-B47D-0B6C773C3AF9,1,KNGI900-500HEC,北京科诺,NULL,KNGI900-500HEC
DE634323-0614-489B-AE47-D23300A00933,41042D23-F3AF-4DC1-AB23-A97950B6DD60,32,XE112-2000_fcsj,湘电,2000.0000,XE112-2000
95C74492-4487-4659-8817-D28115ECAE6B,4E852BF7-FDAA-4D8C-A13C-4EFD09E4F9F3,31,DF6205,烟台东方威思顿,NULL,
AE413AED-EA11-4480-827E-D3318F698FE7,458FB3C3-32BC-48FF-B910-C318C461E635,8,NJE-HL-16Z,国电南瑞吉电新能源,NULL,NJE-HL-16Z
2B904944-4C7D-4082-8607-D3C87CE72BC6,C8B96B26-9DC8-4B91-8655-22FF6E02A593,8,DTE 2220/36,ABB上海变压器厂,NULL,DTE 2220/36
9D0770C7-50FD-463E-AF33-D4B60E654183,E084FF31-2F1B-4E8B-BFA1-9C82E7B5CE84,9,PGV1-40.5/630-31.5,平高集团,NULL,PGV1-40.5/630-31.5
11CE7375-A5D1-4D12-9BC1-D60A062BE74B,43A89653-168B-46D9-B47D-0B6C773C3AF9,2,SG500MX,阳光电源股份有限公司,NULL,SG500MX
DEF7568A-91AB-4050-9298-D60CEB14CD1C,641917AE-A7B4-4CA6-8141-B50BC3DEA9D4,9,PCS-9700-PF,南瑞继保,NULL,PCS-9700-PF
B76438D9-BB73-4454-B64B-D7057A5455B2,7009BB03-B1A3-4EB7-A8C7-342C1F03DCA8,20,洱源大佛山光伏电厂,洱源协合太阳能发电有限公司,NULL,洱源大佛山光伏电厂
53880136-C2E5-4E6E-B97E-D7172578AF38,E084FF31-2F1B-4E8B-BFA1-9C82E7B5CE84,18,KYN64—40.5,江苏花冠电器集团有限公司,NULL,KYN64—40.5
2BDE1292-FD42-4D1A-B471-D7217F7ADB0C,7009BB03-B1A3-4EB7-A8C7-342C1F03DCA8,19,升压站,宿州协合风力发电有限公司,NULL,升压站
9B818C18-D2FB-4EED-862A-D8BAC969BC52,9BF1D5DF-57F1-4903-B69C-A29329CF6BA3,2,DKSC-800/35-250/0.4,海南金盘电气,NULL,DKSC-800/35-250/0.4
093245F7-7747-42DE-9073-D8FA1DDE3828,7009BB03-B1A3-4EB7-A8C7-342C1F03DCA8,3,平原协合升压站,山东省电力公司,NULL,平原协合升压站
2B2DC56B-068F-4BAD-ABCF-DCA49164FCF3,641917AE-A7B4-4CA6-8141-B50BC3DEA9D4,12,NSF3100风电功率预测系统,国电南瑞,NULL,NSF3100风电功率预测系统
C4B11114-23C0-43A0-B2C2-DCB065667353,9BF1D5DF-57F1-4903-B69C-A29329CF6BA3,14,SCB11-200/35,保定天威特集团特变电器有限公司,NULL,SCB11-200/35
296B5213-618F-404B-929B-DD190BA1B7CC,EE1DCF6C-E060-466F-A5CF-72C4EDAC2B26,11,DRHN,东润环能,NULL,
E9567768-E5D7-4706-A2A8-DEDF3E42D8D5,E084FF31-2F1B-4E8B-BFA1-9C82E7B5CE84,16,PGV1-40.5/630-25,平高集团有限公司,NULL,PGV1-40.5/630-25
B8FC19C4-960F-4024-AF35-DFA9B5FA8362,0C109926-7918-4B91-9FB1-2F71B28BACD0,14,PCS9700,南瑞继保,NULL,PCS9700
EBB7C605-F551-492D-A906-E01FB22A2DD3,73F532E2-27D5-488C-A618-C84A164C5A6A,25,"Switchear,15,5kV,model 211,12.5KA",伊顿,NULL,
FBD4CA52-EE59-4220-9061-E023D0880DBE,641917AE-A7B4-4CA6-8141-B50BC3DEA9D4,17,NF5240M3,浪潮电子信息产业股份有限公司,NULL,NF5240M3
8054668A-538B-4CE9-99FC-E27F3FEF55D3,B273F5A4-FF7E-4D08-89C3-3D36D07140DB,4,WPMS1000,江苏华创光电科技有限公司,NULL,
95B89C1B-1BEA-466D-8DCD-E2F7587F623E,B2BAC1C7-CA76-4150-9274-1B82C55DA90F,3,JKM310PP-72,晶科能源控股有限公司,NULL,JKM310PP-72
24942C2F-24A0-4132-8CA1-E309352A129E,41042D23-F3AF-4DC1-AB23-A97950B6DD60,20,G90-IA 2.0MW,歌美飒,2000.0000,G90-IA 2.0MW
15CFAE84-9510-41CD-AEB1-E366FD5C9EBF,641917AE-A7B4-4CA6-8141-B50BC3DEA9D4,5,v.1.0 SPWF-3000,国能日新,NULL,v.1.0 SPWF-3000
D07BE6A2-BB46-4D98-9640-E37B6CEE5B91,9BF1D5DF-57F1-4903-B69C-A29329CF6BA3,9,DKSC-700,河北旭辉电气股份有限公司,NULL,DKSC-700
3A0468A0-F1DE-4917-A61C-E499FF05B379,9E8DC174-A7AC-49E0-B94A-0B4CDC003CBF,6,KYN61-40.5/PT,河南省平高电气股份有限公司,NULL,KYN61-40.5/PT
17E0CEA5-66D3-49C7-941C-E5C98A80D130,9BF1D5DF-57F1-4903-B69C-A29329CF6BA3,21,YBW-250,山东泰安一变,NULL,
4427E73C-226D-4EB9-98D7-E5E8F9F31D46,458FB3C3-32BC-48FF-B910-C318C461E635,7,NJE-HL-12Z,国电南瑞吉电新能源,NULL,NJE-HL-12Z
62DB75D2-A6D5-4DDC-BA8C-E648564C7B6E,E084FF31-2F1B-4E8B-BFA1-9C82E7B5CE84,26,DLXH,北京动力协合,NULL,
54165328-F04D-4440-AAAB-E67C91F24049,641917AE-A7B4-4CA6-8141-B50BC3DEA9D4,11,"WPFS v.2.0 ",北京东润环能,NULL,"WPFS v.2.0 "
D008F9E4-E31B-40A7-A579-E70C9A33B0A1,4E852BF7-FDAA-4D8C-A13C-4EFD09E4F9F3,25,iES-E60,积成电子有限公司,NULL,iES-E60
75BECBB8-3383-415A-8768-E81434B37B41,4E852BF7-FDAA-4D8C-A13C-4EFD09E4F9F3,1,DZT188,宁波三星,NULL,DZT188
046B589C-9C5F-422E-B8F4-E855422A4493,9BF1D5DF-57F1-4903-B69C-A29329CF6BA3,13,THT-DKSC-850/37,保定天威恒通电气有限公司,NULL,THT-DKSC-850/37
4CC6EF21-7EF6-4141-9818-E867FF61849F,7009BB03-B1A3-4EB7-A8C7-342C1F03DCA8,17,110KV,宿州协合风力发电有限公司,NULL,110KV
9FFD6AC5-3821-4B31-9D1A-E87394EF50EF,0C109926-7918-4B91-9FB1-2F71B28BACD0,6,PRS-7000 AVC,长园深瑞继保自动化有限公司,NULL,PRS-7000 AVC
E3DB2B65-2819-4924-BACD-E89EBE869375,C8B96B26-9DC8-4B91-8655-22FF6E02A593,11,S11-2150/35_0.69kV,宁波天安集团股份有限公司,NULL,S11-2150/35_0.69kV
2D388371-46F9-4B3E-925B-E9207EE38FBC,B2BAC1C7-CA76-4150-9274-1B82C55DA90F,7,CEC6-3-72-300pA,中节能,NULL,CEC6-3-72-300pA
8B74179F-9CD4-4E2E-B38D-E99CC7C1109B,FA7DC619-9F2C-43FB-9E2A-F7166660DDE0,4,PYQX-01,锦州利诚自动化,NULL,PYQX-01
59BE0EA3-3A76-496F-9883-E9B821BE1476,4E852BF7-FDAA-4D8C-A13C-4EFD09E4F9F3,22,DTZ341 0.2级电能表,长沙威盛集团有限公司,NULL,DTZ341 0.2级电能表
41D1B641-0B13-4286-9DB2-E9F6740DD24B,FA7DC619-9F2C-43FB-9E2A-F7166660DDE0,11,Mln_JLC,锦州阳光,NULL,Mln_JLC
7CB41EF0-D3F5-41E9-AB45-EA09378BF1A5,7009BB03-B1A3-4EB7-A8C7-342C1F03DCA8,1,花灯升压站,,NULL,花灯升压站
1D852F3F-0EBA-48C1-9E80-EA673C5A6AF9,641917AE-A7B4-4CA6-8141-B50BC3DEA9D4,19,PRS-7052,长园深瑞,NULL,PRS-7052
0C02E2AD-B815-4024-B8B1-EB77D3BA7380,0C109926-7918-4B91-9FB1-2F71B28BACD0,1,LEC-3201,北京华软恒信,NULL,LEC-3201
44C58A89-53A9-403A-96BE-EBB714E3815D,41042D23-F3AF-4DC1-AB23-A97950B6DD60,18,YJ100-2000,远景,2000.0000,YJ100-2000
E8532A4D-85CC-471A-81EA-ECF2BBF48099,41042D23-F3AF-4DC1-AB23-A97950B6DD60,28,GW115/2000kw,金风,2000.0000,GW115/2000
820A5AB9-B206-4DDD-A1C8-EDAE8B2896F9,E084FF31-2F1B-4E8B-BFA1-9C82E7B5CE84,2,Huadeng_i-AY1-40.5-12,中国长城电工、天水长城开关厂有限公司,NULL,i-AY1-40.5-12
654825AB-F3BC-4733-8B90-EDF40EF52A23,82F9B6A3-4DE6-44A8-B3C3-B71A14917665,1,传输服务,北京动力协合,NULL,
892849D2-9A32-4703-B4FF-EE1080CBCE98,4E852BF7-FDAA-4D8C-A13C-4EFD09E4F9F3,16,EDMI Mk6E,,NULL,EDMI Mk6E
D16ED400-8F85-40A4-BE29-EE1F6F313351,C8B96B26-9DC8-4B91-8655-22FF6E02A593,4,ZGS11-ZF-2150/38.5,宁波天安变压器有限公司,NULL,ZGS11-ZF-2150/38.5
B93BE204-AB5C-44CA-8BDB-EE64A931B4F7,41042D23-F3AF-4DC1-AB23-A97950B6DD60,3,XE105-2000-DLP,湘电,2000.0000,XE105-2000
FE88D5B5-34B9-4632-AC60-EE8ABAAEF378,7009BB03-B1A3-4EB7-A8C7-342C1F03DCA8,25,协合灵宝湾驿风力发电场,灵宝协合风力发电有限公司,NULL,
D259B016-5C2F-41CA-9760-EF23691CDCC4,41042D23-F3AF-4DC1-AB23-A97950B6DD60,30,XE112-2000_fccd,湘电,2000.0000,XE112-2000
6C7F40AA-72A6-48F5-AA3A-EFCC785870C3,41042D23-F3AF-4DC1-AB23-A97950B6DD60,36,GW121/2500_huanghou,金风,2500.0000,GW121/2500
E4A4CDF9-B629-4B1D-9E15-F01EEA1EBC8A,41042D23-F3AF-4DC1-AB23-A97950B6DD60,17,GW-2000,上海电气,2000.0000,GW-2000
C55AC793-9EDA-4145-9843-F046B479F9BB,95E6DBCE-806D-4BE4-AC86-3CA2FBA5502C,17,KQNSVG-11/10,思源电气股份有限公司,NULL,KQNSVG-11/10
2F0AF3C2-F457-4B33-9CA8-F0E92C1FCC2D,0C109926-7918-4B91-9FB1-2F71B28BACD0,16,PRS-7000,长园深瑞继保自动化有限公司,NULL,
06E24CE9-0C7D-4A50-BE29-F225A9EDC5B9,7009BB03-B1A3-4EB7-A8C7-342C1F03DCA8,15,SS002(生活用水系统),南召皇后,NULL,SS002(生活用水系统)
E230EB0A-96AE-475C-97BA-F279C953C2E8,95E6DBCE-806D-4BE4-AC86-3CA2FBA5502C,16,SH-SVGII-4000/35,湖北三环发展股份有限公司,NULL,SH-SVGII-4000/35
A7D1DB97-06CE-4B02-B81A-F27B6B495684,7009BB03-B1A3-4EB7-A8C7-342C1F03DCA8,14,SZ001(110kV电站综合自动化系统),南召皇后,NULL,SZ001(110kV电站综合自动化系统)
5BB85B15-CF28-4EB6-A336-F51BA6B569B3,4E852BF7-FDAA-4D8C-A13C-4EFD09E4F9F3,13,A1800-1880RALN-X,ABB,NULL,A1800-1880RALN-X
8DA2B977-44B4-4CA8-A1A2-F54C684B8FD4,41042D23-F3AF-4DC1-AB23-A97950B6DD60,25,XE112/116-2000,湘电,2000.0000,XE112/116-2000
44C14B38-EC14-4C4F-ABC4-F5CCE521EAB8,41042D23-F3AF-4DC1-AB23-A97950B6DD60,31,XE116-2000_fccd,湘电,2000.0000,XE116-2000
F920199D-ED9F-4299-8699-F5E1634AB9B8,9BF1D5DF-57F1-4903-B69C-A29329CF6BA3,10,DKSC-800-315/35,思源电气股份有限公司,NULL,DKSC-800-315/35
035FDF40-D2CF-4B9B-A728-F66155CAA253,EE1DCF6C-E060-466F-A5CF-72C4EDAC2B26,2,动力协合,,NULL,动力协合
2F98050B-ED6C-4BCB-94A6-F6C08D69C0F3,458FB3C3-32BC-48FF-B910-C318C461E635,9,PMD-A320K,阳光电源,NULL,PMD-A320K
AF199B05-D98E-4641-9B3A-F83060DE0E44,4E852BF7-FDAA-4D8C-A13C-4EFD09E4F9F3,28,2000-6E20-1C311-142-621-H06,云南电力试验研究院,NULL,2000-6E20-1C311-142-621-H06
A2F4089A-6173-431C-89CA-F84789BF519C,73F532E2-27D5-488C-A618-C84A164C5A6A,24,LW36-126,山东泰开,NULL,
747A843F-9122-4946-8AEE-F85C4C992333,B2BAC1C7-CA76-4150-9274-1B82C55DA90F,17,HSL 72P6-PB-4-305,"Hanwha SolarOne Co., Ltd",NULL,
1EB3A151-DB48-419E-9B2C-F8C03A806A5A,4E852BF7-FDAA-4D8C-A13C-4EFD09E4F9F3,8,E650,兰吉尔仪表系统（珠海）有限公司,NULL,E650
60D3FBB7-AD38-449C-A37C-F8CC8DB4E0C2,B2BAC1C7-CA76-4150-9274-1B82C55DA90F,12,CEC6-4-72-300P,中节能,NULL,CEC6-4-72-300P
3C3DAFB9-9A6C-4398-8C5E-FA5F9A17D389,43A89653-168B-46D9-B47D-0B6C773C3AF9,5,XC680,Schneider,NULL,XC680
A31C3D66-B796-44F0-93AE-FA6988250A53,4E852BF7-FDAA-4D8C-A13C-4EFD09E4F9F3,14,DTZ341,威胜集团,NULL,
EF30370E-1DED-4968-80B0-FAC72284E05E,C8B96B26-9DC8-4B91-8655-22FF6E02A593,15,2750kVA箱式变电站（美式） YBB-40.5,河南森源,NULL,2750kVA箱式变电站（美式） YBB-40.5
4DBD4D94-F080-4732-88F3-FAE9D6CEEC1C,41042D23-F3AF-4DC1-AB23-A97950B6DD60,2,XE105-2000-DT,湘电,2000.0000,XE105-2000
386E7B04-008D-449C-911C-FB1DEEC55E96,73F532E2-27D5-488C-A618-C84A164C5A6A,5,LW36-126(W)/T3150-40,江苏省如高高压电气有限公司,NULL,LW36-126(W)/T3150-40
D9B29BB4-154C-4344-A271-FBC37785EC0C,4E852BF7-FDAA-4D8C-A13C-4EFD09E4F9F3,15,HD284Z,江阴市宏峰电讯电气有限公司,NULL,HD284Z
5571AC4E-8CF8-477F-A393-FC254402B5A2,41042D23-F3AF-4DC1-AB23-A97950B6DD60,22,XE96-2000/XE100-2000,湘电,2000.0000,XE96-2000/XE100-2000
8E84653E-E10D-473A-8EA2-FC36A8891446,41042D23-F3AF-4DC1-AB23-A97950B6DD60,16,XE105-2000,湘电,2000.0000,XE105-2000
88C4E903-16A7-444E-869C-FD942540FACB,95E6DBCE-806D-4BE4-AC86-3CA2FBA5502C,10,DLFC8000/35,大力电工襄阳股份有限公司,NULL,DLFC8000/35
1CBDC876-7E67-46CF-BD9B-FDBAC2415E66,EF6594F0-8DAF-40B5-93A3-144F12EE8E6C,12,SFZ11-100000,西电济南变压器股份有限公司,NULL,SFZ11-100000
E2155EB5-73C2-44A9-81A4-FFC65BFDCCEA,E084FF31-2F1B-4E8B-BFA1-9C82E7B5CE84,5,DLPJD01,平高集团,NULL,DLPJD01
BC59F093-A3ED-4CEF-AAA9-FFEBD9846F28,73F532E2-27D5-488C-A618-C84A164C5A6A,7,ZF16-252GCB,山东泰开高压开关有限公司,NULL,ZF16-252GCB
